<?xml version="1.0" encoding="UTF-8"?>
<!DOCTYPE mapper PUBLIC "-//mybatis.org//DTD Mapper 3.0//EN" "http://mybatis.org/dtd/mybatis-3-mapper.dtd">
<mapper namespace="com.example.demo.dao.BoardDao">
	<select id="findAll" resultType="com.example.demo.dto.BoardDto$ListDto">
		select bno, title, writer, readCnt from haka
	</select>
	
	<select id="findById" resultType="com.example.demo.dto.BoardDto$ReadDto">
		select bno, title, writer, readCnt, content, writeTime from haka
		where bno=#{bno}
	</select>
	
	<insert id="save">
		<selectKey keyProperty="bno" resultType="int" order="BEFORE">
			select nvl(max(bno)+1,1) from haka
		</selectKey>
		insert into haka(bno, title, writer, password, content)
		values(#{bno}, #{title}, #{writer}, #{password}, #{content})
	</insert>
	
	<update id="update">
		update haka set title=#{title}, content=#{content} where bno=#{bno}
	</update><!-- 업데이트와 지우기는 꼭 bno가 있어야ㅜ함 -->
	
	<delete id="deleteById">
		delete from haka where bno=#{bno}
	</delete>
	
	<update id="increaseReadCnt">
		update haka set readCnt=readCnt+1 where bno=#{bno}
	</update>
	
	<select id="findPassword" resultType="string">
		select password from haka where bno=#{bno}
	</select>
</mapper>